country1,country2,Year,type,asymmetry
USA,CAN,1984,sector,1
USA,CAN,1994,general,1
USA,CAN,1996,sector,1
USA,CAN,1996,sector,0
USA,CAN,1999,sector,0
USA,CAN,2002,general,1
USA,COL,2009,sector,0
USA,COL,2009,general,1
USA,BRA,1983,general,0
USA,BRA,1984,general,1
USA,BRA,2010,general,0
USA,PAR,2006,general,0
USA,CHL,1996,general,1
USA,CHL,2008,sector,0
USA,ARG,1992,sector,1
USA,ARG,1998,sector,0
USA,ARG,1999,sector,0
USA,ARG,2000,sector,0
USA,ARG,2008,sector,1
USA,UKG,1988,sector,0
USA,UKG,1993,general,0
USA,UKG,1994,sector,0
USA,UKG,1994,general,0
USA,UKG,2000,sector,0
USA,UKG,2004,general,0
USA,NTH,1998,sector,0
USA,LUX,2010,general,0
USA,FRN,1994,sector,0
USA,SWZ,1988,general,0
USA,SWZ,2007,general,0
USA,SPN,1980,sector,0
USA,SPN,1982,general,0
USA,SPN,1988,general,1
USA,SPN,2002,general,0
USA,SPN,2002,general,1
USA,POR,1995,general,2
USA,GER,1995,sector,0
USA,GER,2009,sector,1
USA,POL,1995,sector,0
USA,AUS,1991,sector,0
USA,HUN,1995,sector,0
USA,CZR,1996,sector,1
USA,CZR,2008,sector,0
USA,CZR,2009,sector,1
USA,SLO,1994,sector,0
USA,SLO,1995,sector,1
USA,ITA,2006,sector,0
USA,ITA,2008,general,0
USA,ALB,1993,general,1
USA,ALB,2003,general,2
USA,MAC,2004,general,2
USA,CRO,1994,general,0
USA,CRO,1995,sector,1
USA,CRO,2003,general,2
USA,YUG,2006,general,2
USA,BOS,2005,general,2
USA,BOS,2008,sector,1
USA,SLV,1995,general,1
USA,SLV,1999,general,2
USA,GRC,1983,general,1
USA,GRC,1986,general,1
USA,GRC,1990,general,1
USA,BUL,1994,general,1
USA,BUL,2006,general,1
USA,MLD,1995,general,1
USA,MLD,1997,general,1
USA,ROM,1998,general,1
USA,EST,2002,general,1
USA,LAT,1995,general,0
USA,LIT,1994,general,1
USA,LIT,1997,sector,0
USA,LIT,2009,general,1
USA,UKR,1993,general,1
USA,UKR,2000,sector,0
USA,BLR,1993,sector,1
USA,ARM,2001,general,0
USA,ARM,2002,general,0
USA,ARM,2003,general,0
USA,GRG,1997,general,1
USA,GRG,1998,general,0
USA,GRG,2002,general,1
USA,GRG,2005,sector,1
USA,AZE,1999,general,1
USA,AZE,2000,general,0
USA,AZE,2000,sector,0
USA,AZE,2002,general,1
USA,FIN,1991,general,0
USA,FIN,1995,sector,0
USA,FIN,2005,general,0
USA,FIN,2008,general,0
USA,SWD,1987,general,1
USA,SWD,1997,sector,0
USA,SWD,1997,sector,0
USA,SWD,1999,sector,0
USA,DEN,1980,general,0
USA,BEN,1996,sector,1
USA,GAB,2006,sector,0
USA,RWA,2004,sector,0
USA,ZAM,1992,sector,1
USA,SAF,2001,sector,0
USA,MOR,1982,sector,1
USA,ALG,2010,general,1
USA,TUR,1980,general,0
USA,TUR,1980,general,2
USA,TUR,1981,sector,0
USA,TUR,1982,general,0
USA,EGY,1988,general,0
USA,EGY,1998,sector,0
USA,ISR,1987,general,0
USA,ISR,1988,sector,1
USA,ISR,1989,sector,0
USA,ISR,1996,sector,0
USA,ISR,1998,general,1
USA,SAU,1982,sector,0
USA,SAU,1999,sector,1
USA,YEM,2009,sector,0
USA,KUW,1991,general,1
USA,BAH,1991,general,1
USA,QAT,1992,general,1
USA,UAE,1994,general,1
USA,UZB,1998,general,0
USA,UZB,2000,general,0
USA,UZB,2001,general,1
USA,UZB,2009,sector,1
USA,KZK,1996,sector,1
USA,KZK,1997,general,1
USA,KZK,2002,sector,1
USA,MON,1996,sector,2
USA,ROK,1988,general,0
USA,ROK,1991,sector,0
USA,ROK,1996,sector,0
USA,ROK,2009,sector,0
USA,JPN,1983,general,1
USA,JPN,1990,sector,0
USA,IND,1991,sector,0
USA,IND,1995,general,0
USA,IND,2004,sector,0
USA,IND,2005,general,0
USA,IND,2006,sector,1
USA,PAK,1995,sector,1
USA,BNG,1989,sector,1
USA,SIN,1995,sector,0
USA,SIN,1998,sector,0
USA,SIN,2003,sector,1
USA,SIN,2005,general,1
USA,BRU,1994,general,1
USA,INS,2010,general,0
USA,AUL,1994,sector,0
USA,AUL,1995,sector,1
USA,AUL,1995,general,1
USA,AUL,2007,sector,0
USA,NEW,1996,general,1
USA,NEW,2010,sector,1
CAN,BLZ,1985,sector,1
CAN,SUR,2004,sector,0
CAN,UKG,2006,sector,1
CAN,BEL,1987,general,1
CAN,SPN,1991,general,1
CAN,SPN,1993,general,1
CAN,POL,1994,general,1
CAN,CZR,1994,general,1
CAN,SLO,1995,general,1
CAN,ALB,2005,sector,0
CAN,BOS,2005,sector,1
CAN,BUL,1999,general,1
CAN,ROM,1993,general,1
CAN,ROM,1993,sector,1
CAN,ROM,1999,general,0
CAN,RUS,1992,general,1
CAN,EST,1997,general,0
CAN,LAT,2009,general,0
CAN,UKR,1994,sector,1
CAN,UKR,1994,general,1
CAN,SWD,2004,general,0
CAN,SAF,1998,general,0
CAN,KOR,1996,general,0
CAN,JPN,1999,sector,1
CAN,JPN,2010,sector,1
CAN,PHI,2008,sector,1
CUB,SPN,1995,general,0
CUB,RUS,1997,general,1
CUB,RUS,2000,sector,0
CUB,RUS,2006,sector,1
CUB,ANG,2002,sector,0
CUB,CHN,2000,general,0
DOM,BRA,2010,general,0
GUA,BRA,2006,general,0
GUA,CHL,2003,general,1
GUA,SPN,2006,general,1
HON,BRA,2007,general,0
HON,ARG,2006,general,1
HON,SPN,2006,general,1
SAL,PER,2008,general,1
SAL,BRA,2007,general,0
SAL,ARG,2009,general,1
SAL,SPN,2006,general,1
NIC,SPN,2006,general,1
NIC,RUS,2001,sector,1
PAN,ITA,2010,general,1
COL,BRA,2003,general,0
COL,BRA,2008,general,0
COL,FRN,1996,general,1
COL,CZR,2006,general,1
COL,RUS,1996,general,1
VEN,ECU,2009,general,0
VEN,BOL,2008,general,0
VEN,ARG,2004,general,0
VEN,SPN,2005,general,1
VEN,RUS,2001,general,0
VEN,RUS,2009,general,0
VEN,BLR,2006,sector,0
VEN,BLR,2007,general,0
VEN,IRN,2009,sector,0
VEN,KOR,1999,general,0
GUY,BRA,2009,general,0
SUR,BRA,2008,general,0
ECU,BRA,2007,general,0
ECU,CHL,1999,general,0
ECU,CHL,2010,general,0
ECU,ARG,2007,general,1
ECU,URU,2010,general,0
ECU,SPN,2005,sector,0
ECU,SPN,2008,general,1
ECU,RUS,2008,sector,1
PER,BRA,2006,general,0
PER,BRA,2006,sector,1
PER,CHL,2001,sector,0
PER,ARG,2006,sector,1
PER,ARG,2008,sector,1
PER,FRN,2003,sector,1
PER,SPN,2006,general,1
PER,SPN,2010,general,1
PER,POL,2008,general,0
PER,ITA,2002,general,0
PER,ITA,2010,general,1
PER,RUS,1996,sector,1
PER,RUS,2004,general,1
PER,UKR,2010,general,0
PER,ISR,2008,general,1
PER,KOR,2010,sector,0
PER,IND,2006,general,0
BRA,BOL,2007,general,0
BRA,PAR,1995,general,1
BRA,PAR,2007,general,0
BRA,PAR,2007,sector,0
BRA,CHL,2000,sector,0
BRA,CHL,2007,general,0
BRA,ARG,1997,sector,0
BRA,ARG,2005,general,0
BRA,ARG,2005,general,1
BRA,ARG,2010,sector,1
BRA,URU,2010,general,0
BRA,UKG,1981,sector,0
BRA,UKG,2000,sector,0
BRA,UKG,2010,general,0
BRA,FRN,1982,sector,0
BRA,FRN,2008,general,0
BRA,SPN,2010,general,0
BRA,POR,2005,general,0
BRA,GER,2002,general,1
BRA,GER,2010,general,0
BRA,POL,2010,general,0
BRA,CZR,2010,general,0
BRA,SLO,1997,general,1
BRA,ITA,2008,general,0
BRA,ITA,2010,sector,1
BRA,YUG,2010,general,0
BRA,RUS,2002,sector,1
BRA,RUS,2008,general,0
BRA,UKR,2003,general,1
BRA,UKR,2010,general,0
BRA,SWD,2000,general,0
BRA,SWD,2001,sector,0
BRA,CAP,1987,sector,1
BRA,CAP,1994,sector,1
BRA,STP,2010,general,1
BRA,GNB,2006,general,1
BRA,EQG,2010,general,1
BRA,SEN,2010,general,1
BRA,NIG,2010,general,1
BRA,ANG,2010,general,1
BRA,MZM,2009,general,1
BRA,SAF,2003,general,1
BRA,NAM,2009,general,1
BRA,TUR,2003,general,1
BRA,ISR,2010,general,1
BRA,SAU,1984,general,0
BRA,CHN,2004,sector,0
BRA,ROK,2006,general,1
BRA,IND,2003,general,0
BRA,ETM,2010,general,1
BOL,VEN,2006,general,1
BOL,CHL,2008,general,0
BOL,ARG,1996,sector,0
BOL,SPN,2001,general,1
BOL,RUS,2009,sector,1
PAR,ARG,1996,sector,0
PAR,ARG,1997,general,1
PAR,ARG,2007,sector,1
PAR,ARG,2008,general,1
PAR,URU,2010,general,0
CHL,ARG,1995,sector,1
CHL,ARG,2001,sector,1
CHL,URU,2007,general,1
CHL,UKG,1991,sector,0
CHL,FRN,1996,sector,0
CHL,SPN,1997,general,1
CHL,SPN,1997,sector,1
CHL,SPN,2004,general,1
CHL,GMY,1993,general,0
CHL,GMY,1996,general,0
CHL,ITA,1997,general,0
CHL,GRC,2004,general,0
CHL,RUS,1997,sector,0
CHL,RUS,2002,sector,0
CHL,RUS,2004,general,0
CHL,RUS,2009,general,1
CHL,SWD,1997,general,1
CHL,SAF,2006,general,0
CHL,TUR,2004,general,0
CHL,IND,2007,general,1
CHL,MAL,1993,general,1
ARG,URU,2010,sector,0
ARG,UKG,1998,general,0
ARG,BEL,2001,general,1
ARG,FRN,1998,general,0
ARG,FRN,2002,sector,1
ARG,SPN,1989,general,1
ARG,SPN,1992,general,1
ARG,SPN,1998,general,1
ARG,SPN,2005,general,1
ARG,SPN,2008,sector,1
ARG,POR,2004,general,1
ARG,ITA,1992,general,1
ARG,ITA,1992,general,0
ARG,ITA,2010,general,1
ARG,RUS,1992,general,1
ARG,RUS,2004,sector,1
ARG,UKR,1998,general,1
ARG,SAF,1997,sector,0
ARG,SAF,2010,general,0
ARG,MOR,2009,general,1
ARG,TUR,1995,sector,1
ARG,ISR,2010,general,0
ARG,CHN,2007,general,1
URU,POR,2007,general,0
URU,RUS,2002,general,0
UKG,FRN,2010,general,0
UKG,SWZ,2002,general,1
UKG,SWZ,2004,sector,0
UKG,SPN,1985,general,0
UKG,SPN,1985,sector,1
UKG,SPN,2001,general,1
UKG,CZR,1997,general,1
UKG,CZR,1999,general,0
UKG,SLO,1993,general,0
UKG,SLO,1998,sector,1
UKG,SLO,1998,general,1
UKG,ALB,1993,general,2
UKG,ALB,2003,sector,1
UKG,MAC,1996,general,0
UKG,CRO,1998,general,0
UKG,CRO,2002,general,1
UKG,CRO,2006,sector,0
UKG,YUG,2002,general,1
UKG,YUG,2009,general,0
UKG,SLV,1995,general,1
UKG,SLV,1998,general,1
UKG,SLV,2004,sector,0
UKG,GRC,1983,sector,0
UKG,BUL,1995,general,1
UKG,BUL,2007,general,0
UKG,MLD,2006,general,0
UKG,EST,1994,general,1
UKG,EST,2010,sector,0
UKG,LAT,1994,general,0
UKG,LIT,1994,general,1
UKG,LIT,1997,sector,1
UKG,UKR,1993,general,1
UKG,UKR,2001,general,1
UKG,BLR,1994,general,0
UKG,ARM,2004,general,1
UKG,GRG,1996,general,1
UKG,GRG,1999,general,0
UKG,AZE,2004,general,0
UKG,FIN,1993,general,1
UKG,SWD,1994,general,0
UKG,NOR,1986,general,1
UKG,SIE,1997,sector,1
UKG,NIG,2001,sector,1
UKG,NIG,2008,sector,1
UKG,KEN,2006,sector,1
UKG,SAF,1997,sector,0
UKG,SAF,1997,general,1
UKG,SAF,1997,general,1
UKG,SAF,2007,general,0
UKG,ALG,2009,sector,1
UKG,ISR,1998,sector,0
UKG,SAU,1988,sector,0
UKG,SAU,2005,sector,0
UKG,KUW,1992,sector,0
UKG,BAH,1992,general,0
UKG,BAH,2000,general,0
UKG,QAT,1996,sector,0
UKG,UAE,1996,general,0
UKG,KYR,2006,general,1
UKG,KZK,2000,general,1
UKG,IND,1983,general,0
UKG,IND,1988,general,0
UKG,IND,1993,general,0
UKG,PAK,2005,sector,0
UKG,THI,1990,sector,0
UKG,MAL,1988,general,1
UKG,MAL,1998,general,1
UKG,PHI,1996,general,0
UKG,AUL,1988,general,0
IRE,SWZ,2008,general,1
NTH,FRN,1984,general,1
NTH,SWZ,2004,general,1
NTH,SWZ,2007,sector,0
NTH,SPN,1985,general,1
NTH,GER,2006,general,0
NTH,CZR,1995,general,0
NTH,SLO,1995,general,1
NTH,SLO,2008,general,0
NTH,ALB,1998,general,0
NTH,MAC,1997,sector,1
NTH,SLV,1999,general,1
NTH,BUL,1996,general,0
NTH,BUL,2000,sector,0
NTH,LAT,2008,general,0
NTH,LIT,1996,general,1
NTH,LIT,1998,general,0
NTH,LIT,2008,general,0
NTH,UKR,1995,general,0
NTH,UKR,1996,general,0
NTH,UKR,1996,general,1
NTH,GRG,2006,general,1
NTH,FIN,1996,general,1
NTH,SAF,2005,general,0
NTH,TUR,1988,sector,1
NTH,KUW,1995,sector,0
NTH,KOR,1996,general,0
NTH,PAK,2006,general,1
BEL,SWZ,2007,general,0
BEL,SPN,1985,sector,1
BEL,POL,1993,sector,0
BEL,HUN,1989,general,1
BEL,CZR,1994,general,1
BEL,SLO,1994,general,1
BEL,ALB,2005,general,1
BEL,CRO,2002,general,0
BEL,YUG,2003,general,0
BEL,SLV,2001,general,1
BEL,BUL,1994,general,0
BEL,MLD,2004,general,0
BEL,ROM,1993,general,1
BEL,EST,2002,general,0
BEL,LAT,2001,general,0
BEL,LAT,2002,sector,0
BEL,LIT,1994,general,0
BEL,LIT,2001,general,1
BEL,UKR,2002,general,1
BEL,BEN,1999,general,1
BEL,BEN,2006,sector,1
BEL,BEN,2008,general,1
BEL,DRC,2008,sector,1
BEL,BUI,2005,general,2
BEL,RWA,2009,sector,1
BEL,SAF,2006,general,0
BEL,TUN,2009,general,1
BEL,TUR,1987,general,1
BEL,TUR,1990,sector,1
BEL,DRV,2003,general,0
LUX,SLO,2002,general,0
LUX,SLO,2003,general,0
LUX,LIT,2002,general,1
FRN,SWZ,2000,general,0
FRN,SWZ,2003,sector,0
FRN,SWZ,2004,general,1
FRN,SPN,1983,general,0
FRN,SPN,1996,general,1
FRN,POR,1999,general,0
FRN,FRG,1988,sector,0
FRN,POL,1992,general,1
FRN,POL,2002,general,0
FRN,CZE,1992,general,1
FRN,CZR,1992,general,1
FRN,SLO,1994,general,0
FRN,SLO,2009,general,0
FRN,ALB,1994,general,0
FRN,ALB,1996,general,0
FRN,MAC,1996,general,0
FRN,CRO,1997,general,0
FRN,SLV,2002,general,0
FRN,GRC,1992,sector,0
FRN,GRC,2008,general,0
FRN,CYP,2007,general,0
FRN,BUL,1992,general,0
FRN,MLD,2002,sector,1
FRN,ROM,1998,general,0
FRN,RUS,1994,general,0
FRN,RUS,1994,general,0
FRN,EST,1994,general,1
FRN,LAT,1994,sector,1
FRN,LIT,1994,general,1
FRN,UKR,1996,general,0
FRN,BLR,2007,general,0
FRN,ARM,2010,general,1
FRN,GRG,1997,general,1
FRN,GRG,2003,general,0
FRN,GRG,2004,general,0
FRN,FIN,1995,general,1
FRN,SWD,1992,general,0
FRN,SWD,1993,general,1
FRN,NOR,1987,general,0
FRN,TOG,2009,general,1
FRN,CAO,2009,general,1
FRN,NIG,2009,general,0
FRN,SAF,1998,general,0
FRN,COM,2010,general,0
FRN,LIB,2005,sector,0
FRN,LIB,2007,general,1
FRN,SUD,1980,sector,1
FRN,TUR,2000,general,0
FRN,IRQ,1983,sector,0
FRN,IRQ,2009,sector,0
FRN,JOR,1995,general,1
FRN,ISR,1994,general,0
FRN,SAU,2006,general,0
FRN,YEM,2005,general,2
FRN,KUW,1992,sector,0
FRN,KUW,2006,sector,0
FRN,KUW,2009,general,0
FRN,QAT,1998,general,1
FRN,UAE,1998,sector,1
FRN,UZB,2000,sector,0
FRN,KZK,2009,general,0
FRN,KZK,2009,sector,0
FRN,KOR,1990,sector,0
FRN,KOR,1999,general,0
FRN,JPN,2002,sector,0
FRN,IND,1982,general,0
FRN,IND,1983,general,0
FRN,IND,2006,general,0
FRN,BNG,2003,sector,1
FRN,DRV,1997,general,0
FRN,DRV,2009,sector,0
FRN,DRV,2010,general,0
FRN,MAL,1993,general,1
FRN,SIN,1998,general,1
FRN,BRU,1999,general,1
FRN,PHI,1994,general,1
FRN,INS,1996,general,1
FRN,AUL,1990,sector,0
FRN,AUL,2006,general,0
SWZ,SPN,2001,general,1
SWZ,SPN,2008,sector,0
SWZ,GER,2003,sector,0
SWZ,GER,2009,general,1
SWZ,AUS,2004,sector,0
SWZ,CZR,2008,general,1
SWZ,ITA,2003,general,0
SWZ,ITA,2004,sector,0
SWZ,BUL,1995,general,0
SWZ,LAT,2003,general,0
SWZ,UKR,2002,general,0
SWZ,FIN,2004,general,1
SWZ,FIN,2005,sector,0
SWZ,SWD,2004,general,1
SWZ,NOR,2004,general,1
SWZ,NOR,2005,sector,0
SWZ,DEN,2007,general,1
SPN,POR,1998,general,1
SPN,POR,1999,general,1
SPN,GMY,1995,general,1
SPN,GFR,1989,sector,1
SPN,GFR,1989,sector,1
SPN,POL,1994,general,1
SPN,POL,1996,sector,1
SPN,POL,1999,general,1
SPN,AUS,1998,general,1
SPN,HUN,1990,general,0
SPN,HUN,1995,general,1
SPN,HUN,2005,general,1
SPN,CZR,1995,general,1
SPN,CZR,1996,sector,1
SPN,SLO,1999,general,1
SPN,ITA,1980,general,1
SPN,ALB,2005,general,1
SPN,MAC,2009,general,1
SPN,CRO,1999,general,1
SPN,YUG,2009,general,0
SPN,BOS,2006,general,1
SPN,SLV,1997,general,1
SPN,SLV,1997,sector,1
SPN,GRC,1985,general,0
SPN,GRC,1985,sector,0
SPN,BUL,1995,sector,1
SPN,BUL,1995,general,1
SPN,BUL,2002,general,0
SPN,BUL,2005,general,1
SPN,ROM,1994,general,1
SPN,ROM,1994,sector,1
SPN,RUS,1992,general,1
SPN,EST,1999,general,1
SPN,LAT,2001,general,1
SPN,LIT,2001,general,1
SPN,UKR,1996,general,1
SPN,FIN,1997,general,1
SPN,SWD,2003,general,0
SPN,NOR,1985,general,0
SPN,NOR,2000,general,1
SPN,CAP,2006,general,1
SPN,MAA,1989,general,1
SPN,MAA,2000,sector,1
SPN,GAB,2010,general,1
SPN,MZM,2006,general,1
SPN,SAF,1997,general,1
SPN,SAF,2007,general,0
SPN,SEY,2010,general,1
SPN,MOR,1983,general,0
SPN,MOR,1983,sector,0
SPN,MOR,1989,general,1
SPN,ALG,1989,general,1
SPN,ALG,2003,general,1
SPN,TUN,1987,general,0
SPN,LIB,2007,general,1
SPN,TUR,1999,general,1
SPN,JOR,2002,sector,1
SPN,JOR,2002,general,1
SPN,ISR,1997,general,1
SPN,ISR,2004,sector,1
SPN,ISR,2010,general,1
SPN,SAU,2008,general,1
SPN,UAE,2008,sector,0
SPN,CHN,1989,general,1
SPN,ROK,1992,general,1
SPN,KOR,1993,sector,0
SPN,ROK,2006,general,1
SPN,THI,1994,sector,1
SPN,DRV,2010,general,1
SPN,MAL,1997,sector,1
SPN,MAL,2004,general,1
SPN,PHI,1998,sector,1
SPN,INS,2005,general,0
SPN,AUL,2008,general,1
POR,POL,1995,sector,0
POR,HUN,1996,general,0
POR,CZR,1996,general,0
POR,SLO,1999,general,0
POR,YUG,2005,general,0
POR,YUG,2009,general,0
POR,SLV,1998,general,0
POR,BUL,1995,general,0
POR,BUL,1995,sector,2
POR,ROM,1995,general,0
POR,RUS,2000,general,0
POR,LIT,2002,general,1
POR,UKR,2008,general,0
POR,CAP,1984,sector,1
POR,CAP,1988,sector,2
POR,STP,1988,sector,2
POR,GNB,1989,sector,2
POR,MAA,2010,general,0
POR,ANG,1996,general,2
POR,ANG,2003,sector,1
POR,MZM,1982,sector,1
POR,MZM,1988,sector,2
POR,MZM,2010,sector,0
POR,MOR,1993,general,1
POR,ALG,2005,general,0
POR,ETM,2004,sector,2
GMY,POL,1993,general,0
GMY,CZE,1992,general,1
GMY,CZR,1993,general,1
GMY,CZR,1996,sector,0
GMY,CZR,1997,general,0
GMY,SLO,1994,general,0
GMY,SLO,1994,sector,0
GMY,SLO,2008,sector,0
GMY,MNG,2007,general,1
GMY,MAC,1997,sector,1
GMY,CRO,2007,sector,0
GMY,YUG,2006,general,0
GMY,SLV,1996,general,0
GMY,SLV,1997,general,1
GMY,SLV,1998,sector,0
GMY,BUL,1994,general,0
GMY,BUL,1999,general,0
GMY,BUL,2008,sector,2
GMY,MLD,2003,general,0
GMY,RUS,1996,general,1
GMY,EST,1994,general,1
GMY,LAT,1994,general,0
GMY,LIT,1994,general,1
GMY,LIT,2004,general,0
GMY,LIT,2010,general,0
GMY,UKR,1993,general,0
GMY,UKR,1997,general,1
GMY,ARM,2007,general,0
GMY,AZE,2006,general,0
GMY,FIN,2003,general,1
GMY,SWD,1994,general,0
GMY,SWD,2009,general,0
GMY,SAF,1996,general,1
GMY,SAF,1999,general,0
GMY,TUN,2003,general,0
GMY,TUR,2009,general,0
GMY,JOR,2009,general,0
GMY,UAE,1997,sector,0
GMY,KZK,2001,general,1
GMY,MON,2008,general,1
GMY,IND,2001,sector,0
GMY,IND,2006,general,0
POL,CZE,1991,general,1
POL,CZR,1996,general,0
POL,CZR,1997,sector,0
POL,CZR,1997,sector,0
POL,SLO,1993,general,1
POL,SLO,2000,sector,1
POL,ALB,1996,general,1
POL,ALB,2003,general,0
POL,MAC,1996,general,1
POL,MAC,2010,general,0
POL,SLV,1998,general,0
POL,GRC,1992,general,1
POL,GRC,2004,general,0
POL,BUL,1994,general,0
POL,MLD,1998,general,0
POL,RUS,2003,general,0
POL,EST,1995,general,1
POL,LAT,1992,general,1
POL,LAT,2002,general,0
POL,LIT,1993,general,1
POL,LIT,1998,general,1
POL,LIT,2001,general,0
POL,LIT,2010,general,0
POL,UKR,1993,general,0
POL,UKR,1996,sector,0
POL,UKR,1996,general,0
POL,UKR,1996,sector,0
POL,BLR,1993,general,0
POL,BLR,1994,general,0
POL,ARM,2004,general,0
POL,GRG,1996,general,0
POL,AZE,2005,general,0
POL,FIN,1997,general,1
POL,FIN,2005,general,0
POL,SWD,1994,general,1
POL,NOR,1996,general,0
POL,NOR,2010,general,0
POL,DEN,1993,general,0
POL,SAF,1999,general,0
POL,TUR,1994,general,0
POL,TUR,1997,general,0
POL,TUR,1998,sector,0
POL,IRQ,2004,sector,1
POL,ISR,1994,general,1
POL,ISR,2004,general,0
POL,TAJ,2003,general,1
POL,UZB,2002,general,0
POL,KZK,2007,general,0
POL,CHN,2009,general,0
POL,IND,2003,general,0
POL,DRV,2010,general,0
POL,INS,2004,general,0
POL,INS,2006,general,1
AUS,CZE,1992,general,1
AUS,CZR,1992,general,1
AUS,SLO,1993,general,0
AUS,ALB,1993,general,1
AUS,YUG,2006,general,0
AUS,SLV,1993,general,1
AUS,BUL,1993,general,0
AUS,ROM,1995,general,1
AUS,LAT,1998,general,0
AUS,UKR,1995,general,0
AUS,ARM,1994,general,0
AUS,FIN,1994,general,1
AUS,SWD,2006,general,1
AUS,IRN,2002,sector,0
HUN,CZE,1991,general,1
HUN,CZR,1991,general,1
HUN,CZR,1999,sector,0
HUN,SLO,1993,general,1
HUN,SLO,1998,general,1
HUN,SLO,2009,general,0
HUN,ALB,1993,general,0
HUN,ALB,1995,general,0
HUN,MAC,2009,sector,0
HUN,CRO,1996,general,0
HUN,YUG,2010,general,0
HUN,SLV,1992,general,1
HUN,SLV,1998,general,0
HUN,SLV,2006,sector,1
HUN,GRC,2003,general,0
HUN,BUL,1991,general,0
HUN,BUL,2003,general,0
HUN,MLD,1997,general,0
HUN ,ROM ,1990,general,1
HUN,ROM,1996,general,1
HUN,ROM,2003,general,0
HUN,RUS,2002,general,0
HUN,LAT,1999,general,0
HUN,LIT,1997,general,1
HUN,UKR,1992,general,0
HUN,UKR,1993,sector,0
HUN,UKR,1995,general,1
HUN,UKR,1998,general,1
HUN,UKR,2003,general,0
HUN,UKR,2006,general,0
HUN,BLR,1995,general,0
HUN,ARM,2010,general,1
HUN,FIN,2005,general,1
HUN,SWD,1995,general,0
HUN,SWD,2004,general,0
HUN,TUR,1995,general,1
HUN,TUR,1997,sector,0
HUN,UZB,2009,sector,0
HUN,CHN,2007,sector,0
HUN,IND,2003,general,0
CZR,SLO,1994,general,1
CZR,SLO,1998,general,1
CZR,SLO,1999,general,0
CZR,SLO,2001,sector,1
CZR,SLO,2004,sector,1
CZR,ITA,1996,general,0
CZR,ALB,1999,general,0
CZR,MAC,2000,general,0
CZR,CRO,1998,general,0
CZR,YUG,2005,general,1
CZR,SLV,1993,general,1
CZR,GRC,2001,sector,0
CZR,BUL,1995,general,0
CZR,ROM,1995,general,0
CZR,RUS,2001,general,0
CZR,RUS,2002,general,0
CZR,EST,1996,general,0
CZR,LAT,1993,general,1
CZR,LAT,1999,sector,0
CZR,LAT,2000,general,0
CZR,LAT,2009,general,0
CZR,LIT,1993,general,1
CZR,UKR,1996,general,0
CZR,UKR,2002,sector,0
CZR,UKR,2006,general,0
CZR,BLR,1993,general,0
CZR,ARM,2010,general,0
CZR,GRG,1999,general,0
CZR,AZE,2009,general,1
CZR,FIN,1996,general,1
CZR,SWD,2002,general,1
CZR,NOR,1995,general,0
CZR,SAF,1999,general,0
CZR,TUN,2000,general,0
CZR,TUR,1997,general,0
CZR,TUR,1999,general,0
CZR,TUR,2004,sector,1
CZR,EGY,1998,general,0
CZR,JOR,2009,general,0
CZR,ISR,2009,sector,0
CZR,IND,2003,general,1
CZR,DRV,2009,sector,0
CZR,PHI,2004,general,0
CZR,INS,2006,general,0
SLO,ITA,1997,general,1
SLO,ALB,2008,general,0
SLO,MNG,2010,general,0
SLO,MAC,2000,general,0
SLO,CRO,1997,general,1
SLO,YUG,2005,general,1
SLO,SLV,1997,general,0
SLO,GRC,1998,general,1
SLO,GRC,1999,sector,1
SLO,BUL,1995,general,0
SLO,MLD,2005,general,1
SLO,ROM,1993,general,1
SLO,RUS,1993,sector,1
SLO,RUS,1995,general,0
SLO,RUS,1997,general,0
SLO,EST,2001,general,0
SLO,LAT,2000,general,1
SLO,LIT,2002,general,0
SLO,UKR,1993,general,0
SLO,UKR,1996,general,1
SLO,UKR,2000,sector,1
SLO,UKR,2000,general,0
SLO,UKR,2002,sector,1
SLO,ARM,2010,general,1
SLO,FIN,2002,general,0
SLO,NOR,1997,general,0
SLO,DEN,1999,general,1
SLO,SAF,1997,general,0
SLO,TUR,1997,general,0
SLO,TUR,1997,general,1
SLO,TUR,1997,sector,0
SLO,UAE,1999,general,1
SLO,UZB,1996,general,1
SLO,KZK,1997,general,1
SLO,KZK,2008,general,1
SLO,CHN,2000,general,1
SLO,IND,1995,general,1
ITA,MLT,2004,general,1
ITA,ALB,1995,general,0
ITA,ALB,2000,general,0
ITA,MAC,1997,general,0
ITA,CRO,2000,general,0
ITA,YUG,2003,general,0
ITA,SLV,1996,general,0
ITA,GRC,1984,sector,1
ITA,BUL,1995,general,0
ITA,MLD,2006,general,0
ITA,RUS,1996,general,1
ITA,RUS,1996,general,1
ITA,EST,1998,general,0
ITA,LAT,1998,sector,0
ITA,LIT,1999,general,0
ITA,UKR,1998,general,0
ITA,UKR,2007,general,0
ITA,GRG,1997,general,0
ITA,GRG,1999,sector,0
ITA,FIN,1998,general,0
ITA,SWD,1997,general,0
ITA,DJI,2002,general,0
ITA,SAF,1997,general,0
ITA,ALG,2003,general,1
ITA,TUN,1985,sector,1
ITA,TUN,1991,general,1
ITA,EGY,1998,general,1
ITA,LEB,2004,general,1
ITA,JOR,2002,general,0
ITA,SAU,1993,general,1
ITA,SAU,1993,general,0
ITA,SAU,2007,general,1
ITA,KUW,1993,general,0
ITA,UAE,2003,general,0
ITA,OMA,2004,general,1
ITA,UZB,1999,general,0
ITA,CHN,1985,sector,0
ITA,ROK,1984,general,1
ITA,ROK,1993,general,0
ITA,IND,1985,sector,0
ITA,IND,1994,general,0
ITA,IND,2003,general,0
ITA,PAK,2009,general,0
ITA,DRV,2000,general,0
ITA,MAL,1993,general,0
ITA,PHI,2004,general,0
ITA,INS,1997,general,1
MLT,LIB,1984,sector,1
MLT,LIB,1984,general,1
ALB,MNG,2008,general,0
ALB,MAC,1998,general,0
ALB,MAC,2002,general,0
ALB,MAC,2006,sector,0
ALB,CRO,1994,general,0
ALB,CRO,2003,general,0
ALB,SLV,1994,general,1
ALB,GRC,1992,general,0
ALB,GRC,1995,general,1
ALB,GRC,1997,sector,2
ALB,GRC,1997,sector,2
ALB,GRC,1998,sector,2
ALB,GRC,2003,general,0
ALB,BUL,1993,general,0
ALB,BUL,1993,general,0
ALB,BUL,2005,general,0
ALB,ROM,1992,general,1
ALB,ROM,2003,general,0
ALB,ROM,2007,sector,0
ALB,LAT,2005,general,0
ALB,LIT,2004,general,1
ALB,UKR,1997,general,0
ALB,TUR,1992,sector,0
ALB,TUR,1992,general,0
ALB,TUR,1992,sector,0
ALB,TUR,2001,general,0
ALB,UAE,2008,general,0
ALB,CHN,2005,general,0
ALB,MAL,1994,general,0
MNG,MAC,2007,general,0
MNG,CRO,2007,general,0
MNG,YUG,2007,general,0
MNG,BOS,2007,general,0
MNG,BOS,2010,general,1
MNG,SLV,2007,general,0
MNG,GRC,2007,general,1
MNG,BUL,2009,general,0
MNG,ROM,2008,general,1
MNG,EST,2009,general,0
MNG,LAT,2008,general,1
MAC,CRO,2000,general,0
MAC,CRO,2010,general,0
MAC,YUG,2001,general,1
MAC,YUG,2004,sector,0
MAC,YUG,2009,general,0
MAC,BOS,2006,general,0
MAC,SLV,1994,general,0
MAC,GRC,1999,sector,1
MAC,GRC,2000,general,0
MAC,GRC,2002,sector,1
MAC,BUL,1999,general,0
MAC,BUL,2000,sector,2
MAC,BUL,2001,sector,0
MAC,RUS,2003,general,0
MAC,LIT,2008,general,1
MAC,LIT,2010,general,0
MAC,UKR,2000,general,0
MAC,TUR,1995,sector,0
CRO,YUG,2010,general,0
CRO,BOS,2006,general,0
CRO,SLV,2003,general,0
CRO,GRC,2000,general,0
CRO,GRC,2002,sector,1
CRO,BUL,1996,general,0
CRO,BUL,2007,sector,2
CRO,ROM,1997,general,0
CRO,RUS,1998,sector,1
CRO,LAT,2004,general,0
CRO,UKR,1996,general,1
CRO,UKR,1996,general,0
CRO,UKR,2002,general,1
CRO,SWD,2007,general,0
CRO,DEN,2003,general,0
CRO,TUR,1996,general,1
CRO,TUR,1996,sector,0
CRO,TUR,2001,general,0
CRO,ISR,1997,sector,0
CRO,ISR,1999,general,0
CRO,CHN,1998,general,0
YUG,BOS,2005,general,0
YUG,BOS,2006,sector,0
YUG,SLV,2009,general,0
YUG,GRC,2001,sector,1
YUG,GRC,2006,general,0
YUG,CYP,2009,general,1
YUG,CYP,2010,general,0
YUG,BUL,1996,general,0
YUG,BUL,2007,general,0
YUG,ROM,1997,general,0
YUG,UKR,2003,general,0
YUG,NOR,2006,general,0
YUG,NAM,2010,general,0
YUG,TUR,2004,general,0
YUG,TUR,2004,general,0
YUG,TUR,2010,sector,0
YUG,IRQ,2000,sector,0
YUG,EGY,2010,general,1
YUG,CHN,2008,general,1
BOS,SLV,2006,general,0
BOS,GRC,2001,general,0
BOS,GRC,2008,general,1
BOS,BUL,2007,general,0
BOS,ROM,1998,general,0
BOS,ROM,2006,general,0
BOS,LAT,2007,general,0
BOS,UKR,2007,general,0
BOS,TUR,1995,general,1
BOS,TUR,1996,sector,1
BOS,TUR,2002,sector,2
BOS,TUR,2006,general,2
BOS,TUR,2009,general,0
BOS,CHN,2005,general,0
BOS,PAK,1996,sector,1
BOS,PAK,2007,general,1
BOS,MAL,2004,sector,0
SLV,GRC,1999,general,0
SLV,GRC,2000,general,1
SLV,BUL,1999,general,0
SLV,ROM,2006,general,1
SLV,RUS,2006,general,1
SLV,EST,1999,general,0
SLV,LAT,2002,general,1
SLV,LIT,2005,general,0
SLV,UKR,2007,general,0
SLV,NOR,2002,general,1
SLV,DEN,1998,general,1
SLV,TUR,2001,general,0
SLV,ISR,1998,general,0
SLV,CHN,2007,general,0
GRC,CYP,2009,general,1
GRC,BUL,1991,general,0
GRC,BUL,1993,sector,0
GRC,BUL,1998,general,0
GRC,BUL,2000,general,0
GRC,BUL,2002,general,0
GRC,BUL,2003,sector,1
GRC,BUL,2003,sector,0
GRC,BUL,2006,general,0
GRC,BUL,2010,general,0
GRC,MLD,2003,general,1
GRC,ROM,1995,general,0
GRC,ROM,1997,general,0
GRC,ROM,2002,general,0
GRC,RUS,1994,general,0
GRC,RUS,1995,general,0
GRC,RUS,1997,general,0
GRC,RUS,2006,general,0
GRC,EST,2002,general,0
GRC,LAT,1999,general,0
GRC,LAT,2002,general,0
GRC,LAT,2007,general,0
GRC,UKR,1997,general,0
GRC,UKR,1999,general,0
GRC,ARM,1996,general,0
GRC,ARM,1998,general,0
GRC,ARM,1999,general,1
GRC,GRG,1997,general,1
GRC,GRG,1998,sector,2
GRC,FIN,2001,general,0
GRC,SWD,1999,general,1
GRC,UGA,1999,sector,1
GRC,TUN,1998,general,1
GRC,TUR,2003,sector,1
GRC,TUR,2010,sector,1
GRC,ISR,1994,general,0
GRC,ISR,1999,general,0
GRC,UAE,2007,general,0
GRC,UZB,1998,general,1
GRC,CHN,2002,sector,1
GRC,IND,1998,general,0
GRC,AUL,1995,sector,0
CYP,RUS,1996,general,1
CYP,ARM,2002,general,0
CYP,SAF,1999,general,0
BUL,MLD,1995,general,0
BUL,ROM,1994,general,0
BUL,ROM,1995,general,1
BUL,RUS,1992,general,0
BUL,RUS,1993,general,0
BUL,RUS,2002,general,0
BUL,EST,2000,general,0
BUL,LAT,2001,general,0
BUL,LIT,2000,general,0
BUL,UKR,1992,general,0
BUL,UKR,1992,general,1
BUL,UKR,1994,general,0
BUL,UKR,2005,general,0
BUL,UKR,2008,general,0
BUL,BLR,1995,general,0
BUL,ARM,1996,general,1
BUL,GRG,1998,general,1
BUL,GRG,2007,sector,2
BUL,AZE,2002,general,0
BUL,FIN,2003,general,0
BUL,SWD,2006,general,0
BUL,NOR,1998,general,0
BUL,DEN,1998,general,0
BUL,MLI,2009,sector,1
BUL,SAF,1997,general,0
BUL,TUR,1992,sector,0
BUL,TUR,1993,general,0
BUL,TUR,1997,general,0
BUL,TUR,2008,sector,0
BUL,EGY,2008,general,1
BUL,JOR,2010,general,0
BUL,ISR,2000,general,0
BUL,KZK,1998,general,0
BUL,CHN,2003,general,0
BUL,CHN,2007,sector,0
BUL,CHN,2008,sector,2
BUL,MON,2006,general,0
BUL,IND,1993,general,0
BUL,IND,2000,general,0
BUL,CAM,1996,general,0
BUL,CAM,2010,sector,2
BUL,DRV,1996,general,1
BUL,DRV,2008,sector,0
MLD,ROM,1992,general,1
MLD,ROM,1997,sector,0
MLD,ROM,2000,sector,1
MLD,RUS,1994,general,0
MLD,RUS,1997,general,0
MLD,RUS,1997,general,0
MLD,LAT,2006,general,1
MLD,LIT,2006,general,1
MLD,UKR,1993,general,0
MLD,UKR,1995,general,1
MLD,UKR,1998,general,1
MLD,BLR,1993,general,1
MLD,BLR,1995,general,1
MLD,BLR,2004,sector,0
MLD,TUR,1998,general,0
MLD,TUR,2000,general,1
MLD,TUR,2001,sector,1
MLD,CHN,2002,general,1
ROM,LAT,2001,general,0
ROM,LIT,1998,general,0
ROM,LIT,2010,general,0
ROM,UKR,1994,general,0
ROM,BLR,1996,general,0
ROM,ARM,1999,general,1
ROM,GRG,1998,general,1
ROM,GRG,1999,sector,1
ROM,AZE,1999,general,0
ROM,AZE,2006,general,0
ROM,SWD,2007,general,1
ROM,DEN,1998,sector,0
ROM,SEN,2006,general,0
ROM,NIG,2010,general,0
ROM,SAF,2003,general,0
ROM,TUR,1992,sector,0
ROM,TUR,1992,general,0
ROM,TUR,2004,sector,0
ROM,EGY,1983,sector,0
ROM,EGY,2001,general,1
ROM,JOR,2004,general,0
ROM,ISR,2005,general,0
RUS,UKR,1993,sector,0
RUS,UKR,1993,general,0
RUS,UKR,1994,general,0
RUS,UKR,1995,sector,0
RUS,UKR,1995,general,1
RUS,BLR,1992,general,1
RUS,BLR,1993,general,0
RUS,BLR,1994,general,0
RUS,BLR,1995,sector,0
RUS,BLR,1997,general,0
RUS,BLR,1999,general,1
RUS,BLR,2009,general,1
RUS,ARM,1992,general,1
RUS,ARM,1994,general,0
RUS,ARM,2003,sector,0
RUS,ARM,2009,sector,0
RUS,ARM,2010,sector,0
RUS,GRG,1993,general,0
RUS,GRG,1996,sector,0
RUS,GRG,2004,general,1
RUS,AZE,1993,general,0
RUS,AZE,2000,sector,1
RUS,AZE,2003,sector,0
RUS,FIN,1994,general,1
RUS,NOR,1995,general,0
RUS,NOR,1997,sector,1
RUS,DEN,1994,general,0
RUS,CAP,2000,sector,2
RUS,GAM,2002,sector,2
RUS,MLI,2003,sector,2
RUS,SEN,2007,sector,2
RUS,BEN,2010,sector,2
RUS,GUI,2001,sector,2
RUS,BFO,2006,sector,2
RUS,NIG,1984,sector,0
RUS,NIG,2001,sector,2
RUS,GAB,2002,sector,2
RUS,CHA,2000,sector,2
RUS,CON,2001,sector,0
RUS,DRC,1999,sector,2
RUS,DRC,2001,sector,2
RUS,UGA,2003,sector,2
RUS,TAZ,1998,general,0
RUS,ETH,1995,sector,2
RUS,ETH,2001,sector,2
RUS,ETH,2002,sector,2
RUS,ERI,1997,sector,2
RUS,ANG,1993,sector,2
RUS,ANG,1998,sector,2
RUS,ANG,2006,sector,2
RUS,ZIM,1999,sector,2
RUS,SAF,1995,general,1
RUS,SAF,1995,general,0
RUS,NAM,1996,sector,2
RUS,ALG,1999,sector,2
RUS,ALG,2000,general,1
RUS,LIB,1999,sector,2
RUS,SUD,2008,sector,0
RUS,IRN,2001,sector,1
RUS,TUR,1993,general,1
RUS,TUR,1994,general,0
RUS,TUR,2002,general,0
RUS,SYR,1994,sector,0
RUS,LEB,2010,sector,2
RUS,JOR,2001,general,0
RUS,ISR,1995,sector,0
RUS,ISR,2010,general,0
RUS,SAU,2008,general,0
RUS,YEM,1998,sector,2
RUS,KUW,1993,sector,0
RUS,QAT,1998,general,1
RUS,TAJ,1993,general,1
RUS,TAJ,1994,general,0
RUS,TAJ,1996,general,1
RUS,KYR,1993,general,1
RUS,KYR,1994,general,0
RUS,KYR,1996,general,2
RUS,KYR,1999,sector,1
RUS,UZB,1994,general,0
RUS,UZB,1994,general,1
RUS,UZB,1995,general,1
RUS,UZB,1995,general,0
RUS,UZB,1999,general,0
RUS,KZK,1993,general,0
RUS,KZK,1994,general,0
RUS,KZK,1994,general,1
RUS,KZK,1994,sector,2
RUS,KZK,2009,general,1
RUS,CHN,1992,sector,1
RUS,CHN,1992,sector,1
RUS,CHN,1993,sector,0
RUS,CHN,1995,sector,0
RUS,CHN,1995,sector,0
RUS,CHN,1996,sector,0
RUS,CHN,1996,sector,0
RUS,CHN,1999,sector,0
RUS,CHN,2000,general,0
RUS,CHN,2010,sector,0
RUS,MON,1993,sector,1
RUS,MON,1997,sector,0
RUS,PRK,2001,general,0
RUS,KOR,1992,sector,1
RUS,KOR,1995,sector,0
RUS,ROK,1997,general,0
RUS,JPN,1999,sector,1
RUS,JPN,2006,sector,1
RUS,IND,1993,general,0
RUS,IND,1994,sector,0
RUS,IND,1998,sector,1
RUS,IND,1999,sector,1
RUS,IND,2009,general,1
RUS,BNG,1999,sector,2
RUS,MYA,2001,sector,2
RUS,SRI,2004,sector,2
RUS,CAM,1995,sector,2
RUS,LAO,2007,sector,0
RUS,DRV,1998,sector,2
RUS,MAL,1994,sector,1
RUS,MAL,1999,general,1
RUS,INS,1996,general,0
RUS,INS,2003,general,0
RUS,INS,2006,sector,0
EST,UKR,1994,general,0
EST,UKR,2003,general,0
EST,ARM,2005,general,0
EST,GRG,2001,general,0
EST,AZE,2007,general,0
EST,FIN,1996,general,0
EST,SWD,2010,sector,0
EST,NOR,1995,general,0
EST,DEN,1994,general,0
EST,TUR,1995,general,0
EST,TUR,2002,general,0
LAT,UKR,1994,general,0
LAT,UKR,2010,general,0
LAT,BLR,2004,general,1
LAT,ARM,2005,general,0
LAT,GRG,2002,general,0
LAT,GRG,2008,sector,1
LAT,AZE,2005,general,0
LAT,FIN,2001,general,1
LAT,SWD,2002,general,1
LAT,NOR,1995,general,0
LAT,NOR,2007,general,0
LAT,DEN,1994,general,0
LAT,TUR,1997,general,0
LAT,TUR,1999,sector,0
LAT,TUR,2000,general,0
LAT,ISR,2005,general,0
LAT,CHN,2006,general,0
LIT,UKR,2000,general,1
LIT,UKR,2001,sector,1
LIT,BLR,2010,general,0
LIT,ARM,2002,general,0
LIT,ARM,2004,sector,1
LIT,GRG,2001,general,0
LIT,AZE,2002,general,1
LIT,AZE,2004,sector,1
LIT,FIN,2001,general,0
LIT,FIN,2005,general,1
LIT,NOR,1995,general,0
LIT,DEN,1994,general,0
LIT,TUR,1995,general,1
LIT,TUR,1999,sector,0
LIT,TUR,2004,general,0
LIT,KYR,2008,general,1
LIT,UZB,2002,general,1
LIT,KZK,2008,general,1
LIT,CHN,2006,general,0
LIT,ROK,2010,general,1
UKR,BLR,1992,general,0
UKR,BLR,1992,sector,0
UKR,BLR,1992,general,0
UKR,BLR,1994,sector,0
UKR,BLR,2000,general,1
UKR,BLR,2001,general,0
UKR,BLR,2005,sector,0
UKR,BLR,2006,sector,1
UKR,ARM,2002,general,0
UKR,GRG,1995,general,0
UKR,GRG,1996,sector,0
UKR,GRG,1996,sector,0
UKR,GRG,1997,sector,1
UKR,GRG,2005,sector,1
UKR,AZE,1997,general,0
UKR,AZE,1997,sector,0
UKR,AZE,1997,sector,0
UKR,AZE,2000,general,1
UKR,AZE,2004,general,1
UKR,AZE,2008,sector,0
UKR,FIN,2001,general,0
UKR,SWD,2001,general,1
UKR,NOR,1999,general,0
UKR,DEN,1996,general,1
UKR,DEN,2006,general,1
UKR,EQG,2004,sector,1
UKR,EQG,2005,general,1
UKR,GAM,2002,general,1
UKR,GUI,2009,sector,0
UKR,UGA,1995,general,1
UKR,SAF,1995,general,0
UKR,SAF,1995,general,0
UKR,ALG,2008,sector,2
UKR,LIB,2009,sector,2
UKR,TUR,1994,general,0
UKR,TUR,1997,sector,0
UKR,TUR,1998,general,0
UKR,TUR,2007,general,0
UKR,IRQ,2004,sector,0
UKR,IRQ,2005,sector,0
UKR,ISR,1999,general,1
UKR,ISR,2005,general,1
UKR,TKM,1996,general,0
UKR,TKM,2005,general,0
UKR,TAJ,2005,general,1
UKR,TAJ,2008,sector,1
UKR,KYR,1997,general,0
UKR,UZB,1994,general,0
UKR,UZB,1994,sector,0
UKR,UZB,1994,general,0
UKR,UZB,1998,general,0
UKR,UZB,2000,sector,1
UKR,KZK,1994,general,1
UKR,KZK,1995,sector,0
UKR,KZK,1997,general,0
UKR,KZK,2005,general,0
UKR,KZK,2010,general,0
UKR,CHN,1995,general,1
UKR,CHN,1995,general,0
UKR,CHN,2002,general,0
UKR,MON,2003,general,0
UKR,ROK,2006,general,1
UKR,ROK,2006,general,0
UKR,IND,1992,sector,0
UKR,IND,2009,general,0
UKR,PAK,2006,general,0
UKR,SRI,2010,sector,2
UKR,MAL,2007,general,0
UKR,INS,1996,general,0
BLR,ARM,1999,general,0
BLR,ARM,2001,general,0
BLR,ARM,2002,sector,1
BLR,AZE,2004,general,0
BLR,AZE,2004,general,1
BLR,NIG,2010,general,0
BLR,SAF,2006,general,0
BLR,SUD,2006,sector,1
BLR,IRN,1995,sector,0
BLR,IRN,1998,sector,1
BLR,IRN,2007,general,0
BLR,TUR,1997,general,0
BLR,TUR,1998,general,0
BLR,TUR,2010,general,0
BLR,SYR,1998,general,0
BLR,SYR,2010,general,0
BLR,LEB,2004,general,0
BLR,JOR,2008,general,0
BLR,QAT,2008,general,0
BLR,UAE,2007,general,0
BLR,TKM,2010,general,0
BLR,TAJ,1998,general,0
BLR,TAJ,1998,general,0
BLR,KYR,2000,general,1
BLR,UZB,1994,general,1
BLR,KZK,1998,general,0
BLR,KZK,1998,general,0
BLR,CHN,1996,general,0
BLR,CHN,1996,general,0
BLR,CHN,2005,sector,0
BLR,CHN,2006,general,1
BLR,CHN,2010,general,0
BLR,IND,1993,general,0
BLR,DRV,2009,sector,1
ARM,GRG,2001,general,0
ARM,IRN,2002,general,0
ARM,IRN,2007,general,1
ARM,SYR,2001,general,0
ARM,LEB,2001,general,0
ARM,KYR,2002,general,1
ARM,CHN,1997,general,1
ARM,IND,2003,general,0
GRG,AZE,2002,general,1
GRG,TUR,1996,general,1
GRG,TUR,1997,sector,1
GRG,TUR,1998,general,0
GRG,TUR,2001,general,0
GRG,TUR,2002,sector,0
GRG,ISR,1999,general,0
GRG,UZB,1995,general,1
GRG,UZB,1996,general,0
GRG,UZB,1996,general,0
GRG,KZK,1997,general,0
GRG,KZK,1997,general,1
AZE,IRN,2005,general,0
AZE,TUR,2000,general,0
AZE,TUR,2010,sector,0
AZE,JOR,2007,sector,0
AZE,BAH,2008,general,0
AZE,TAJ,2006,general,1
AZE,TAJ,2010,sector,1
AZE,KYR,2004,general,1
AZE,KYR,2005,sector,1
AZE,UZB,2009,general,0
AZE,KZK,2004,general,0
AZE,KZK,2007,general,0
AZE,KZK,2009,sector,1
AZE,CHN,2000,general,0
AZE,PAK,2002,general,0
AZE,PAK,2005,sector,0
AZE,PAK,2007,general,0
FIN,SWD,1995,general,1
FIN,UAE,2007,general,1
SWD,NOR,1983,sector,0
SWD,SAF,2000,general,0
SWD,SAU,2005,general,0
SWD,ROK,2009,general,1
SWD,IND,2009,general,0
SWD,THI,1998,sector,1
SWD,MAL,1994,general,0
SWD,AUL,1994,general,0
SWD,AUL,2005,general,0
NOR,ICE,2007,general,1
NOR,TUR,1993,general,0
NOR,KOR,2008,sector,0
NOR,AUL,1990,general,1
CAP,ANG,2003,general,0
GNB,ANG,2010,general,1
GNB,SAF,2007,general,0
EQG,SAF,2004,sector,0
GAM,TUR,1990,sector,1
GAM,TUR,1999,general,1
GAM,TUR,2009,general,0
GAM,PAK,1998,sector,0
MLI,SAF,2005,general,0
MLI,TUR,2000,sector,1
MLI,TUR,2000,general,1
SEN,SAF,2008,general,0
SEN,TUR,1998,general,1
SEN,TUR,1998,sector,1
BEN,GAB,2010,sector,0
BEN,SAF,2008,general,0
MAA,TUR,2002,sector,1
BFO,TUR,2001,general,1
BFO,TUR,2001,sector,1
LBR,NIG,2007,sector,1
LBR,RWA,2008,general,0
GHA,NIG,2004,sector,0
GHA,SAF,2000,sector,0
TOG,SAF,1997,general,0
CAO,CEN,2006,sector,0
NIG,SAF,2001,general,0
NIG,JOR,2006,general,0
NIG,IND,2007,general,0
NIG,PAK,2010,general,0
NIG,PAK,2010,general,0
GAB,SAF,2006,general,0
CEN,SAF,2007,general,0
CHA,LIB,1980,general,0
CHA,EGY,2009,general,1
CON,SAF,2008,general,0
CON,TUR,2005,general,1
CON,CHN,2000,sector,1
DRC,ZIM,2000,general,0
DRC,SAF,2004,general,0
DRC,ISR,1983,sector,1
UGA,ANG,2005,sector,0
UGA,EGY,1988,sector,0
KEN,RWA,2000,sector,1
TAZ,BUI,2008,sector,0
RWA,ETH,2010,general,0
RWA,ZIM,1998,sector,1
RWA,SAF,2004,general,0
SOM,SAF,1985,general,0
SOM,TUR,2010,general,0
ETH,SAF,2009,general,0
ETH,TUR,2006,general,0
ETH,TUR,2010,general,0
ETH,TUR,2010,general,0
ETH,ISR,1989,sector,1
ANG,MZM,2010,general,0
ANG,ZIM,2006,general,0
ANG,SAF,2005,general,1
MZM,MZM,1982,sector,1
MZM,ZIM,1988,general,0
MZM,SAF,2000,general,0
MZM,SAF,2007,sector,0
MZM,LIB,2002,sector,0
MZM,IRN,1996,general,0
MZM,IND,2006,sector,1
ZAM,SAF,2002,general,0
ZIM,SAF,1996,general,0
ZIM,SAF,2005,sector,0
ZIM,EGY,1993,general,1
ZIM,CHN,2006,sector,1
ZIM,PAK,2007,sector,1
MAW,SAF,2008,general,0
SAF,NAM,1997,sector,0
SAF,NAM,1997,general,0
SAF,LES,2000,general,0
SAF,BOT,2000,sector,0
SAF,ALG,1998,sector,0
SAF,ALG,2000,general,0
SAF,TUN,2005,general,0
SAF,SUD,2007,general,0
SAF,IRN,2004,general,0
SAF,JOR,2000,general,0
SAF,SAU,2003,general,0
SAF,KUW,2002,general,0
SAF,QAT,2002,general,1
SAF,QAT,2008,sector,0
SAF,UAE,1999,general,0
SAF,CHN,2001,general,1
SAF,IND,1996,sector,0
SAF,IND,2000,general,0
SAF,IND,2003,sector,0
SAF,PAK,1998,general,0
SAF,DRV,2006,general,0
SAF,MAL,1996,general,1
SAF,SIN,1997,general,1
SAF,SIN,1998,sector,0
SAF,INS,2008,general,0
SEY,UAE,2009,general,0
MOR,QAT,2010,sector,0
MOR,UAE,2006,sector,0
ALG,TUN,1983,general,1
ALG,TUN,2001,general,0
ALG,TUR,2003,general,0
ALG,TUR,2009,sector,1
ALG,DRV,2008,sector,0
TUN,TUR,1990,general,1
TUN,TUR,1999,general,0
TUN,EGY,2001,sector,0
LIB,SUD,1985,general,1
SUD,IRN,2008,general,0
SUD,SYR,1998,general,0
SUD,CHN,2007,general,0
SUD,PAK,2005,general,0
SUD,MAL,2004,general,1
IRN,IRQ,2008,general,0
IRN,SYR,1997,general,0
IRN,SYR,2007,general,0
IRN,SYR,2009,sector,1
IRN,LEB,2008,sector,0
IRN,KUW,2002,general,0
IRN,QAT,2010,general,0
IRN,OMA,1998,sector,0
IRN,OMA,2010,general,0
IRN,TAJ,1998,general,0
IRN,TAJ,2005,general,0
IRN,TAJ,2010,general,0
IRN,CHN,1990,sector,0
IRN,PRK,1989,general,0
IRN,IND,2001,general,0
IRN,IND,2003,general,1
IRN,PAK,1989,general,1
IRN,PAK,2002,general,0
IRN,PAK,2003,general,0
TUR,IRQ,2009,general,1
TUR,EGY,1991,general,0
TUR,EGY,2009,general,1
TUR,SYR,2002,general,1
TUR,SYR,2009,general,0
TUR,LEB,2009,sector,1
TUR,LEB,2010,general,0
TUR,JOR,1984,sector,1
TUR,JOR,1996,sector,0
TUR,ISR,1996,general,0
TUR,ISR,1996,sector,0
TUR,SAU,2010,general,1
TUR,BAH,2007,general,0
TUR,QAT,2007,general,0
TUR,UAE,2002,sector,0
TUR,OMA,2001,sector,0
TUR,AFG,2003,general,1
TUR,AFG,2003,sector,1
TUR,TKM,1992,sector,1
TUR,KYR,2000,general,1
TUR,KYR,2008,general,0
TUR,KZK,1993,sector,1
TUR,KZK,1994,general,0
TUR,KZK,1996,sector,1
TUR,KZK,1996,general,1
TUR,MON,2001,general,0
TUR,ROK,1999,general,0
TUR,ROK,1999,sector,0
TUR,KOR,2006,general,0
TUR,PAK,1987,general,1
TUR,PAK,1993,general,0
TUR,PAK,1995,general,0
TUR,PAK,2001,general,0
TUR,PAK,2004,general,0
TUR,BNG,1981,sector,1
TUR,BNG,1997,general,1
TUR,BNG,2002,general,1
TUR,MAD,2010,general,0
TUR,MAL,1984,sector,1
TUR,MAL,1999,general,1
TUR,SIN,1991,sector,0
TUR,INS,2010,general,0
TUR,AUL,2006,general,0
IRQ,EGY,2009,general,1
IRQ,JOR,2010,sector,0
EGY,SAU,1993,sector,0
EGY,KUW,1987,sector,0
EGY,ROK,2009,general,1
EGY,IND,2008,sector,0
EGY,PAK,2002,sector,0
LEB,JOR,2010,general,0
JOR,YEM,2006,general,0
JOR,CHN,2009,general,0
JOR,ROK,2009,general,0
SAU,PAK,2006,general,0
KUW,CHN,1995,general,1
KUW,ROK,2004,sector,0
KUW,BNG,1980,general,0
KUW,BNG,2004,sector,0
QAT,MON,2007,sector,0
QAT,IND,2008,general,0
UAE,ROK,2006,general,0
UAE,IND,2003,general,0
UAE,PAK,2006,general,0
UAE,AUL,2007,general,0
OMA,IND,2002,sector,0
OMA,IND,2005,general,0
TKM,UZB,1996,general,1
TAJ,KYR,2004,general,1
TAJ,KZK,1999,general,0
TAJ,KZK,1999,general,0
TAJ,CHN,1998,sector,0
TAJ,IND,2002,sector,1
TAJ,PAK,2009,general,0
KYR,UZB,1996,general,1
KYR,UZB,2000,general,1
KYR,KZK,1995,general,1
KYR,KZK,1997,general,0
KYR,KZK,1998,sector,1
KYR,KZK,2001,general,0
KYR,KZK,2004,sector,1
KYR,CHN,2004,general,0
KYR,IND,2003,sector,0
UZB,CHN,2000,general,0
UZB,KOR,2008,sector,0
UZB,IND,2005,general,0
KZK,MON,2006,general,0
KZK,ROK,2006,sector,1
KZK,ROK,2010,general,1
KZK,IND,2002,general,0
KZK,PAK,2005,general,0
CHN,TAW,1995,sector,0
CHN,KOR,2000,sector,0
CHN,KOR,2002,sector,0
CHN,KOR,2007,sector,0
CHN,JPN,1998,sector,0
CHN,JPN,2007,sector,0
CHN,IND,2006,sector,0
CHN,PAK,1989,general,0
CHN,PAK,1990,general,0
CHN,PAK,2002,general,0
CHN,PAK,2003,general,0
CHN,PAK,2006,general,1
CHN,PAK,2008,general,0
CHN,PAK,2010,general,0
CHN,BNG,2002,general,0
CHN,MYA,1997,sector,0
CHN,DRV,2007,general,0
CHN,MAL,1999,general,0
CHN,MAL,2005,general,1
CHN,SIN,1997,sector,0
CHN,SIN,2008,general,0
CHN,BRU,2003,sector,1
CHN,PHI,1996,sector,0
CHN,PHI,2004,sector,0
CHN,PHI,2005,sector,0
CHN,INS,2005,sector,0
CHN,INS,2007,general,0
CHN,INS,2008,general,0
MON,KOR,1999,sector,0
MON,IND,2001,general,0
MON,IND,2005,sector,0
KOR,JPN,1992,sector,1
KOR,JPN,1995,sector,0
ROK,IND,2010,sector,0
ROK,IND,2010,general,0
KOR,PAK,1996,sector,0
ROK,BNG,2004,general,0
ROK,THI,1996,general,0
KOR,THI,1997,sector,0
KOR,THI,2008,general,0
KOR,DRV,1999,sector,0
KOR,DRV,2000,sector,0
KOR,MAL,2009,general,0
ROK,SIN,2009,general,0
ROK,PHI,1994,general,0
ROK,INS,1995,general,1
KOR,INS,2006,sector,0
JPN,IND,1997,sector,0
JPN,DRV,1997,sector,0
JPN,SIN,2009,sector,1
JPN,AUL,2003,sector,1
JPN,AUL,2008,sector,1
IND,IND,2006,sector,0
IND,SRI,2004,general,0
IND,CAM,2007,general,1
IND,DRV,1994,general,0
IND,DRV,2000,general,1
IND,DRV,2007,general,0
IND,MAL,1993,general,1
IND,MAL,2008,general,0
IND,SIN,2003,general,0
IND,SIN,2005,sector,0
IND,SIN,2007,sector,1
IND,SIN,2008,sector,0
IND,PHI,2006,general,0
IND,INS,2001,general,0
PAK,MAL,1997,general,1
PAK,MAL,2001,sector,0
PAK,MAL,2005,general,0
PAK,BRU,2004,sector,1
PAK,INS,2010,general,0
PAK,AUL,2010,general,0
THI,LAO,1989,general,1
THI,SIN,2004,sector,0
THI,SIN,2004,sector,1
THI,PHI,1997,general,0
LAO,DRV,1994,general,0
LAO,DRV,2005,general,0
LAO,DRV,2008,general,1
DRV,MAL,2008,general,1
DRV,SIN,2007,sector,0
DRV,SIN,2009,general,0
DRV,BRU,2005,general,1
DRV,PHI,2002,general,1
DRV,PHI,2010,sector,0
DRV,INS,2010,general,0
MAL,SIN,1995,general,0
MAL,BRU,1992,general,1
MAL,PHI,1994,general,0
MAL,INS,1992,general,1
MAL,INS,2006,general,0
MAL,NEW,1996,general,1
SIN,BRU,1981,general,1
SIN,PHI,1994,sector,0
SIN,INS,1989,sector,0
SIN,INS,2007,general,0
SIN,AUL,1988,sector,1
SIN,AUL,1993,sector,0
SIN,AUL,1996,sector,0
SIN,AUL,2008,general,0
SIN,NEW,2009,general,0
BRU,PHI,2001,general,0
BRU,INS,1999,sector,0
BRU,INS,2003,general,0
BRU,AUL,1999,general,1
PHI,INS,1997,general,0
PHI,AUL,1995,general,0
PHI,AUL,2007,general,1
INS,ETM,2009,sector,0
INS,AUL,1995,general,0
INS,AUL,2006,general,0
INS,AUL,2008,general,0
INS,PNG,1995,general,0
INS,PNG,2010,general,0